Time (s);Linear Acceleration x (m/s^2);speed (m/s)
0;0.4632164836;0
0.010134999;0.1148092672;0.00469469859807
0.020312083;0.006244119257;0.001168423556273
0.030025312;0.09044831991;6.06505602465509E-05
0.040072916;0.1097369343;0.000908788900921
0.049916093;0.1138558388;0.001080160067752
0.059919166;-0.07893856615;0.001138908266993
0.06981401;0.09399440885;-0.000781084797638
0.079802135;0.07444657385;0.000938827904895
0.089720989;0.08891354501;0.000738424696818
0.099736354;0.02622203529;0.000890501606719
0.109668385;0.09270751476;0.000260438067383
0.11958677;0.05234378949;0.000919508823783
0.12999401;0.05221287161;0.000544754379732
0.139470937;0.08499117196;0.000494817572708
0.149428906;0.1139325276;0.000846339455651
0.159571666;0.05718458071;0.00115559028364
0.169319531;0.0182524994;0.000557427572843
0.179278177;0.05121973529;0.00018177018014
0.189203333;0.03630158305;0.000508363863032
0.199110729;0.06781192124;0.000359654158703
0.209144062;0.03820780292;0.000680379587171
0.219076614;0.04769237339;0.000379500989309
0.228982864;0.05295537412;0.000472452573895
0.238926406;0.02971806377;0.000526563986688
0.248900416;0.05254711211;0.000296408265223
0.258820052;0.02270881087;0.000521248224982
0.268754687;0.1518228501;0.000225603747277
0.278740989;0.1313608885;0.001516148831599
0.288661302;0.1359371245;0.001303141129878
0.29861026;0.08322386444;0.001352432742291
0.309007083;0.08328863233;0.000865263787959
0.31849901;0.06427244842;0.000790569618006
0.328461145;0.07408197224;0.000640290807941
0.338442343;0.07845456898;0.000739426833158
0.348318072;0.111432679;0.000774796062058
0.358327083;0.1015202552;0.00111533090987
0.368239583;0.004189867526;0.00100631952967
0.378228125;0.0330381915;4.18506677578871E-05
0.388129114;0.04302830994;0.000327110770621
0.398094791;0.1143409312;0.000428806238718
0.408043697;0.06123613194;0.001137567176461
0.418049531;0.06068684533;0.000612718570994
0.427946822;0.08813242614;0.000600635368103
0.437864375;0.03001991287;0.000874058007262
0.447802968;0.04391403496;0.00029835569591
0.457764739;0.03447030112;0.000437461559958
0.467769791;0.1538722962;0.000344877155161
0.477605885;0.02904351428;0.001513502369419
0.488038177;0.09154629707;0.000302990421675
0.497879791;0.04760383442;0.000900963318892
0.507491354;0.0702573508;0.000457547253569
0.517461145;0.03166041151;0.00070045110369
0.527323906;0.03429765999;0.000312259071885
0.537289635;0.009900264442;0.000341801184794
0.547232864;-0.02881325781;9.84405965073632E-05
0.55728125;0.08193691075;-0.000289526736392
0.567133854;0.0388706401;0.000807291934603
0.577155989;0.02459003776;0.000389566802619
0.587029375;0.06694027781;0.000242786934559
0.596959114;0.08977629244;0.000664699487241
0.606944323;-0.06367830932;0.000896435043259
0.6168625;0.1282117963;-0.000631572742897
0.626804687;0.09065520763;0.001274705654421
0.636795312;0.1094866842;0.000905702183728
0.646749739;0.1148825288;0.001089877205341
0.656633125;0.07576044649;0.001135428376787
0.667036614;0.0903057605;0.000788172971694
0.676525416;0.01805948466;0.000856893480844
0.686483593;0.02659093589;0.000179839544773
0.696514375;0.05940625817;0.000266727881089
0.706375937;0.01132486388;0.000585838498131
0.716299166;0.1118523329;0.000112379217675
0.726251718;0.05908176675;0.001113216159509
0.73621078;0.08762093633;0.000588398978133
0.746151666;-0.02340841293;0.00087102973927
0.756178853;0.07123847306;-0.000234720533822
0.766054426;0.1141594797;0.000703520741113
0.775986718;0.0903602168;0.001133865286948
0.785939322;0.09039373696;0.000899319455165
0.795878697;0.04705931991;0.000898457249297
0.805820676;0.08537733555;0.000467862770299
0.81615302;0.05161919445;0.000882148000706
0.82570578;0.09890601784;0.000493105775974
0.835662082;0.003006249666;0.000984738183232
0.846050051;0.01188295335;3.12288283366682E-05
0.855553541;0.03113997728;0.000112929528332
0.86555828;0.09293013811;0.000311547345152
0.875497082;0.04522654414;0.000923614242508
0.885415051;0.02578095719;0.000448555462758
0.895337343;0.0537869893;0.000255806185279
0.905400103;0.0302410461;0.000541245564448
0.915237239;0.03087680414;0.000297485283268
0.925183228;0.05495041236;0.000307100354332
0.935227187;0.05994287506;0.000551919688777
0.945071145;-0.007643215358;0.00059007514449
0.955023697;0.07340458781;-7.60694982976945E-05
0.964965468;0.06806781888;0.000729771602356
0.974886926;0.1439795494;0.00067533200617
0.984856405;0.00940810889;0.001435401094173
0.994838489;0.05672476441;9.39125332211268E-05
1.004755937;0.01320842654;0.000562564901348
1.014737655;0.0319512412;0.000131842788946
1.025147134;0.02118059993;0.000332595774295
1.034644687;-0.007584724575;0.000201163870407
1.044588489;0.006940849125;-7.54209993983342E-05
1.05467927;0.001964561641;7.00385884744177E-05
1.064531614;0.006844975054;1.93555370963365E-05
1.074501562;0.07867205888;6.82440453496769E-05
1.084432187;0.09676458687;0.000781262714715
1.094293385;-0.03197012469;0.000954214750513
1.104253905;-0.002991385758;-0.000318439066377
1.114193489;0.05459818989;-2.97331300180448E-05
1.124108801;0.03086820245;0.000541358087395
1.13442578;-0.01154085249;0.000318466596444
1.143999062;0.02210263163;-0.000110483835407
1.15406026;0.09342494607;0.00022237895315
1.163890312;0.06395936012;0.000918372077965
1.173868801;0.06420163065;0.000638217771404
1.184052082;0.09743928909;0.000653783245567
1.193738332;0.04831489176;0.000943821313948
1.20412901;0.005682967603;0.000502024482883
1.213592291;-0.008698862046;5.37795193410863E-05
1.223559062;-0.04643845186;-8.66995659730733E-05
1.233532655;0.03008155525;-0.000463158218402
1.243444218;0.0351312384;0.000298155229998
1.25338651;0.009682662785;0.000349285030494
1.263320155;0.01404087245;9.61841347609018E-05
1.273276301;0.07124602795;0.00013979297608
1.283234374;0.04128993303;0.000709473147286
1.293194843;0.007681503892;0.000411267097957
1.303118489;0.06014480442;7.62285253718307E-05
1.313044322;-0.0890802592;0.000596987284491
1.322996353;0.1220881119;-0.000886529501046
1.332979218;-0.02707982436;0.001218789139203
1.342891249;0.03537351638;-0.000268416058531
1.352868072;-0.07533571869;0.000352915311811
1.362782812;0.0769591853;-0.000746934063524
1.372724166;0.05782095343;0.000765078504619
1.383116926;0.009793184698;0.000600919291969
1.392578124;-0.004746094346;9.26552594783471E-05
1.402672551;0.03333118558;-4.79091029108101E-05
1.412576718;-0.05443733558;0.000330117628292
1.422477239;0.074076958;-0.000538957984094
1.432428072;0.068801485;0.000737127438206
1.442345676;-0.004218049347;0.000682345882842
1.452651718;-0.03331402317;-4.34713937282549E-05
1.462253958;0.01887869835;-0.000319889245844
1.472202395;-0.01108133048;0.000187813541177
1.482149114;-0.07546953857;-0.000110222880431
1.492067968;0.05813749135;-0.000748571334523
1.502025572;0.005200169981;0.000578910116417
1.51193927;0.06257241219;5.15529147403002E-05
1.521897083;0.005018383265;0.000623084379547
1.531903593;0.01848525554;5.0216502325055E-05
1.541794895;-0.02812093496;0.000182843245093
1.55181651;0.04312894493;-0.000281817183609
1.562240468;0.01609621197;0.000449574310535
1.571728801;-0.01174612343;0.00015272621921
1.581685468;-0.004769124091;-0.000116952239533
1.591693853;0.04345548153;-4.77312300155036E-05
1.601482135;0.004124931991;0.000425354507661
1.611412708;0.04715587199;4.09629382566613E-05
1.621441041;-0.0146388486;0.000472894787221
1.63135776;0.05136802793;-0.00014516934805
1.641369374;0.02731487155;0.000514276867576
1.651249478;-0.01243907958;0.000269873771661
1.66114453;0.02971119434;-0.000123085339276
1.671132187;0.03937276453;0.000296745218128
1.68105302;0.01038304716;0.00039061062165
1.690975833;-0.04185295478;0.000103029035339
1.700948593;-0.0257171765;-0.000417389473312
1.710909791;-0.02529200912;-0.000256173887117
1.720892864;-0.00439606607;-0.000252491973362
1.730793228;-0.03850450367;-4.35226542610492E-05
1.741198958;0.02285144478;-0.000400667468974
1.750762551;0.009999595582;0.000218541917338
1.760648333;-0.004572801292;9.88538220118152E-05
1.770950051;0.04354319721;-4.71077093802197E-05
1.780491041;-0.1053499728;0.000415445209149
1.790506562;0.02873706818;-0.001055134864928
1.80037401;0.05629526079;0.000283561525939
1.810304999;0.03900434077;0.000559067615658
1.820277031;0.01586064696;0.000388952534297
1.830260676;-0.06979224086;0.000158347068719
1.840170312;-0.003601960838;-0.000691615702547
1.850109218;0.03377380967;-3.57995501845629E-05
1.860049739;0.05164752901;0.000335729264275
1.870050989;0.01198167354;0.000516539849511
1.879959947;0.0213970542;0.000118725899878
1.889904531;0.01018156856;0.000212784802844
1.899849583;-0.04212097451;0.000101256228771
1.909778958;0.09686308354;-0.000418234951275
1.920182239;-0.00792657584;0.001007693876593
1.929657343;-0.04196742922;-7.51051304478879E-05
1.939603906;0.0157122761;-0.000417431678685
1.949606926;-0.0056091398;0.000157170212074
1.959518697;-0.0160734579;-5.55965092045862E-05
1.959518697;0.02350711823;0
1.969258124;-0.06792604923;0.000228945861981
1.979433645;-0.08233690262;-0.000691182940387
1.988931041;-0.1645485163;-0.000781986169596
1.999685312;-0.2626277208;-0.001769599336938
2.008822916;-0.3946169019;-0.002399788112093
2.019303229;-0.4264830351;-0.004135708647002
2.02874552;-0.4486453533;-0.004026976923977
2.039044687;-0.3282470703;-0.004620673417411
2.048637864;-0.2060290575;-0.003148932245119
2.058983593;-0.1186023951;-0.00213152079502
2.068540156;-0.1046962738;-0.001133431260724
2.07900802;0.05693244934;-0.001095946355445
2.088407499;0.08905386925;0.00053513536199
2.098754791;0.09310936928;0.00092146638886
2.108298333;-0.007395982742;0.000888593176317
2.118660624;-0.2818076611;-7.66393254035809E-05
2.128200312;-0.2718634605;-0.002688357162904
2.138697812;-0.2710214853;-0.002853886676599
2.148099218;-0.2483166456;-0.002547983018028
2.158434531;-0.3121112585;-0.002566430255386
2.167980104;-0.1832020283;-0.002979280802134
2.178766562;-0.0419216156;-0.001976100983773
2.187877604;0.1751915216;-0.000381949600439
2.198425833;0.2948684692;0.001847960288695
2.207745625;0.1095528603;0.002748112800302
2.218111927;0.003847002983;0.001135658034834
2.227661562;-0.06665587425;3.67374743315627E-05
2.237994479;-0.1926568747;-0.000688749616188
2.247556302;-0.3234481215;-0.001842150935615
2.25805177;-0.3373740315;-0.003394739408863
2.267461145;-0.267002821;-0.003174478777645
2.277808125;-0.1079819202;-0.002762672848831
2.287328229;-0.1460416317;-0.001027999110424
2.297667083;-0.1702010632;-0.001509903108068
2.307216197;-0.1454117298;-0.001625269355418
2.317721041;-0.01911091805;-0.001527527537319
2.327169635;0.005206108093;-0.000180571305622
2.337428802;0.1915966272;5.34103323461366E-05
2.347007447;0.2546583414;0.001835236075146
2.357796614;0.2774354219;0.002747551373308
2.367020052;0.1689683199;0.002558908412898
2.377798541;0.9377251863;0.001821223177391
2.386791979;-1.443697453;0.008433373324027
2.397127864;-2.977334023;-0.014921890849001
2.406674531;-0.1195545793;-0.028423616465353
2.417020572;2.744391918;-0.001236916579176
2.426635416;1.291947722;0.02638690016643
2.437108072;-0.8940005898;0.01353012406249
2.446473385;-0.8320835829;-0.008372595345662
2.456789895;-0.5255924463;-0.008584198603824
2.466356041;-0.7882624865;-0.005027894077803
2.476737447;-0.9241425395;-0.008183272906926
2.486249895;-0.2876241803;-0.008790857851582
2.496753072;0.4933899641;-0.003020967675171
2.506210468;0.9740092754;0.004666184272919
2.516603802;0.5717115402;0.01012320371833
2.526030156;-0.5128417015;0.00538915536381
2.536919062;-0.9012053609;-0.005584285080514
2.54594802;-0.2998366356;-0.008136945352941
2.556455312;0.5504214168;-0.003150471082547
2.565924687;0.5448179841;0.005212146803711
2.576180416;-0.07828497887;0.005587505599256
2.585733125;-0.3933210373;-0.000747833622216
2.596115833;-0.3995914459;-0.004083737480543
2.605667552;-0.4526005387;-0.003816785206041
2.616116927;-0.6185925007;-0.004729392754078
2.625504427;-0.4391226768;-0.005807037100321
2.635862968;-0.01761341095;-0.004548670251663
2.645452239;-0.04785627127;-0.000168899770834
2.655748541;0.09873127937;-0.00049274262159
2.665299323;-0.03861236572;0.000942960925844
2.675794323;-0.007786095142;-0.000405236778231
2.685184739;-0.09491556883;-7.31146723989626E-05
2.695557083;-0.1477788687;-0.00098449693086
2.705190416;-0.1969519854;-0.00142360305255
2.715900885;-0.05761224031;-0.002109448134115
2.724960729;-0.007941305637;-0.000521957909699
2.735457968;0.2812643647;-8.33617832436344E-05
2.744857291;0.5022881627;0.002643694612205
2.755172708;0.3977248073;0.005181311852414
2.764760989;0.03645199537;0.003813497213063
2.775067604;-0.1451084018;0.00037569668226
2.784610677;-0.02760577202;-0.001384780071291
2.795152343;-0.06879794598;-0.000291010828307
2.804499844;-0.2798547745;-0.000643088868846
2.814828073;-0.2497881055;-0.002890404197779
2.824380781;-0.1156286597;-0.002386152833715
2.834721823;0.03580486774;-0.001195720826361
2.844279323;-0.02651423216;0.000342205023425
2.854789896;-0.272162199;-0.000278679772657
2.864172239;-0.2885589004;-0.002553519102652
2.874494114;-0.1413473487;-0.002978468900066
2.884067396;0.04461830854;-0.001353158029057
2.894888958;-0.03514057398;0.000482839792201
2.903929219;0.005028665066;-0.000317679960469
2.914447708;0.02503156662;5.28939581814045E-05
2.923955781;0.05412268639;0.000238001962727
2.934197708;0.06420534849;0.00055432060305
2.943747186;0.2542012334;0.000613127562888
2.954068957;0.02736991644;0.002623806919072
2.96363578;0.007974386215;0.000261843146106
2.974123957;-0.02088558674;8.36367740892804E-05
2.983516352;-0.01538056135;-0.000196165680469
2.993854685;-0.2648261189;-0.000159009364963
3.003456195;-0.3939151466;-0.00254273062888
3.014108488;-0.354172647;-0.004196099558721
3.023518541;-0.06102526188;-0.00333278337942
3.033788332;-0.06417053938;-0.000626716685228
3.043190988;-0.1697574258;-0.000603373507125
3.05353078;-0.2176683545;-0.001755256473227
3.063108123;-0.07727384567;-0.002084684491292
3.073880311;0.0322214365;-0.00083240839304
3.083016717;0.1403612494;0.000294388125767
3.093598853;0.07377046347;0.001485321830281
3.102832655;0.08046150208;0.00068118185313
3.11325104;0.03979891539;0.000838278906348
3.122746665;0.008901417255;0.00037791557595
3.133130571;0.001388847828;9.24314800426975E-05
3.142746978;-0.03036767244;1.33557259751137E-05
3.153128748;0.07958292961;-0.000315270190707
3.162548644;0.1551943421;0.000749662920302
3.172824165;0.1266354918;0.00159470272133
3.182432134;0.01926875114;0.001216709879514
3.192760571;-0.04414218664;0.000199016082218
3.202314998;-0.145958066;-0.000421753299872
3.21281755;-0.053781569;-0.001532932177984
3.222208332;0.003690421581;-0.000505050990097
3.23253604;0.05047345161;3.81135964854653E-05
3.242117238;0.03082478046;0.000483596133619
3.252904269;0.0303735137;0.00033250786239
3.261998905;0.0392921567;0.000276236051143
3.272464478;0.0105740428;0.000411214934271
3.281878748;0.02911561728;9.95468939107578E-05
3.292213123;0.0008864402771;0.000300891707328
3.301772811;0.03401362896;8.4740924797099E-06
3.312099686;0.09909427166;0.000351254494566
3.321665155;0.0364806056;0.000947883183641
3.33262703;-0.05851852894;0.000399895838512
3.341599582;-0.04417175055;-0.000525060543878
3.351861717;-0.06392627954;-0.00045329646733
3.361453905;-0.09772270918;-0.000613192891488
3.371779373;0.1153261662;-0.001009032706511
3.381358123;0.005309522152;0.001104680514488
3.391872759;0.06603902578;5.58276927622162E-05
3.401225311;0.03292262554;0.000617633422637
3.411566978;0.01062661409;0.0003404748301
3.421124217;-0.08678865433;0.000101561090619
3.431961613;-0.1121431589;-0.000940563015281
3.441012082;-0.1229518652;-0.001014948183187
3.451506561;-0.1007823944;-0.001290315767352
3.460913176;-0.1116592288;-0.000948021182899
3.471247551;-0.05153232813;-0.00115392834263
3.480800728;0.02171939611;-0.000492297451848
3.491155155;0.004092514515;0.000224891901505
3.500801248;0.1097527742;3.94767756155407E-05
3.511187707;0.0914940834;0.001139942689365
3.520553123;-0.05520987511;0.00085688015258
3.530927342;-0.133248806;-0.000572759335354
3.540479894;-0.1114665866;-0.001272866148253
3.55085453;-0.128400445;-0.001156425262137
3.560361301;-0.1068634987;-0.001220673626913
3.570858019;0.01669800282;-0.001121716010347
3.58026729;0.1004705429;0.000157116033692
3.590634998;0.1172276139;0.001041649251389
3.60011729;0.286255002;0.001111586465463
3.610935571;0.194934845;0.003096787049292
3.620011092;0.1817743182;0.001769135279429
3.630528332;0.08892595768;0.001911764130346
3.639924426;-0.112077415;0.000835556657401
3.65062479;-0.09391254187;-0.001199269136679
3.659827603;-0.1674918532;-0.000864259561184
3.670119842;-0.1419438124;-0.001723866183687
3.679722759;-0.136361897;-0.001363074649141
3.69021354;-0.06482023001;-0.001430542798172
3.699602082;0.08732581139;-0.000608567451899
3.70995604;0.1010326147;0.000904167783448
3.719557446;-0.0129635334;0.000970055152976
3.729829426;0.02008062601;-0.000133161155814
3.73937578;0.09949326515;0.000191696764433
3.749892759;0.1160570979;0.001046368580224
3.759269478;0.01044601202;0.001088234794964
3.769580467;0.04755175114;0.000107708715032
3.779157707;0.097884655;0.000455414533088
3.789965988;0.1788058281;0.001057964856828
3.799113644;0.1743842363;0.001635654206254
3.809552134;0.1139271259;0.001820308106775
3.818931196;-0.01693475246;0.001068529577298
3.828064113;-0.1797404885;-0.000154663688633
3.839238749;-0.141323626;-0.00200853453345
3.848792238;-0.08449500799;-0.001350133706431
3.859130624;-0.07654726505;-0.000873542007674
3.870230103;-0.056458354;-0.00084963476093
3.877832342;0.01536768675;-0.000429209900655
3.888644738;-0.05043780804;0.000166161514745
3.89894479;0.013412714;-0.000519512045578
3.908515155;0.06620532274;0.000128364568621
3.918950988;0.1662657857;0.000690907691826
3.928531353;0.08884060383;0.001592886914018
3.938719842;0.06621319056;0.000905151514875
3.948520988;0.1543713808;0.000648965147804
3.958592915;0.2129100561;0.001554817278307
3.968590051;0.07048076391;0.002128490786599
3.978826092;0.1418070793;0.000721443989094
3.988184738;0.002923488617;0.001327122255463
3.998318228;-0.0977358222;2.96251426654829E-05
4.007918801;-0.02267360687;-0.000938319895746
4.018254478;0.02196198702;-0.000234347077033
4.027819947;0.2093538642;0.000210076706018
4.038156092;0.2780976295;0.002163911896682
4.047862915;0.1964861155;0.002699444466276
4.058037134;-0.005845785141;0.001999092769556
4.067582134;-0.1197974682;-5.57980191708458E-05
4.07797703;-0.06128185987;-0.001245282223002
4.087485676;-0.08183979988;-0.000582707511725
4.097864738;-0.09614187479;-0.000849420357022
4.107539999;-0.1735834479;-0.000930197731623
4.117732655;-0.1657458544;-0.001769276371739
4.127264426;-0.3451996148;-0.00157985152834
4.137610988;-0.2419958711;-0.003571629216904
4.147579061;-0.2384209037;-0.002412232508824
4.157489947;0.01789134741;-0.002362962396588
4.167189738;-0.01349723339;0.000173542330585
4.177401561;0.1107154489;-0.000137831358368
4.187024999;0.1459633112;0.001065463258131
4.197271092;0.06687480211;0.001495553661143
4.206829426;-0.08234715462;0.000639211694751
4.217167967;0.004093706608;-0.000851349434272
4.226883697;0.1306581497;3.97733481025435E-05
4.237066874;-0.0122743845;0.001330515064888
4.246575728;-0.0732806325;-0.00011671533015
4.256957811;-0.0521928668;-0.000760805608908
4.266504322;-0.03148406744;-0.000498259777028
4.276839634;-0.04319763184;-0.000325397660021
4.286553749;-0.0879907012;-0.000419626763421
4.297093853;-0.02865475416;-0.000927431141681
4.306280884;0.04036271572;-0.000263252114765
4.316603436;0.0555126667;0.000416646231881
4.326604582;-0.07776683569;0.000555190284516
4.336516561;-0.06962674856;-0.000770823242256
4.346231457;-0.03125703335;-0.000676416621079
4.356405936;-0.09440499544;-0.000318024029422
4.365961301;-0.1385927498;-0.000902074189253
4.376313853;-0.2034410834;-0.001434788649127
4.38585479;-0.1352379024;-0.001941018559931
4.39621953;-0.01522707939;-0.001401705696521
4.405896561;-0.05954027176;-0.000147352919297
4.416095572;-0.09610122442;-0.000607251886623
4.425675259;0.05197250843;-0.00092061965026
4.435992186;0.09600913525;0.000536196575479
4.445585676;0.1233308911;0.00092106267893
4.455883488;0.17938447;0.00127003833034
4.465698072;0.1056870818;0.001760583949111
4.476139634;0.1804252267;0.001103538217214
4.485356822;0.2276365161;0.001663013234437
4.495630936;0.8713605404;0.002338763516974
4.505703436;0.9302862287;0.008776779043179
4.515616249;1.36912632;0.009221753421578
4.525275207;1.934301615;0.013224333621575
4.535430415;2.317202568;0.019643235235062
4.544999634;2.06036377;0.022173818840553
4.555352447;1.880795717;0.021330560822785
4.56484953;2.169154406;0.017862073030394
4.575231249;3.650746107;0.022519551510703
4.58480078;4.971307278;0.034935928044067
4.595185832;5.058470726;0.051627284590009
4.604613124;3.460213661;0.047687680607453
4.615045259;1.439988017;0.036097416040397
4.624597499;-0.2945668697;0.013755111135508
4.634940884;-1.892132998;-0.003046818541552
4.644444322;-4.325905323;-0.017981768634248
4.654795363;-6.834358692;-0.044777623360491
4.664317134;-9.21412468;-0.065075198397085
4.67469677;-10.60038853;-0.095639260237014
4.684750051;-10.15878677;-0.10656868460127
4.694573905;-8.842580795;-0.099798438045616
4.704153228;-7.221617222;-0.084705937588899
4.71445802;-5.405250549;-0.07441726337633
4.724004947;-3.371096611;-0.051603532408011
4.734369061;-1.429830074;-0.034938429581417
4.743916926;0.2987342477;-0.013651824519492
4.754256718;1.382244349;0.003088849984494
4.763886301;3.06481123;0.013310436684977
4.774148436;5.305179119;0.031451506591775
4.784472395;7.441597939;0.054770451712212
4.794014999;9.903821945;0.071012222259093
4.803577134;10.40842533;0.094701682454056
4.813933124;10.3960247;0.107789548633225
4.823492655;9.342167854;0.099381120396414
4.83383578;8.383708954;0.096627209884907
4.843401249;6.93266964;0.080194108104509
4.853714218;5.187218666;0.071496407084562
4.863672707;3.477981091;0.051656860025954
4.873593332;0.4936840534;0.034503746160903
4.88316729;-3.358473539;0.004726510392521
4.893574843;-7.654863834;-0.034953491356238
4.903034269;-10.56821346;-0.072410617977801
4.913676978;-11.01173496;-0.112474420504662
4.922934842;-10.58389473;-0.101945144663729
4.933398124;-9.411227226;-0.110742275218303
4.942838592;-7.755459785;-0.088846389467784
4.953147238;-5.590964794;-0.079948289490797
4.962709529;-2.695785046;-0.053462432330983
4.973054998;0.5080301762;-0.027889160624058
4.982633227;3.089048862;0.004866029366554
4.993015467;4.957401752;0.032071246657012
5.002570102;6.163554668;0.047366164288719
5.012845519;7.023844719;0.063333094415996
5.022395936;7.036736012;0.067080646009697
5.032721821;6.349101067;0.072660526835273
5.042731873;5.266001701;0.063554831833927
5.052605519;3.988881826;0.051994636631072
5.062216196;2.603438377;0.038335854820854
5.072491977;0.7434995174;0.026752362609049
5.082076248;-2.120138168;0.007125900863131
5.092383748;-5.515947342;-0.021853324166659
5.102016613;-8.253394127;-0.053134376092597
5.112279113;-9.862796783;-0.084700457228334
5.121861092;-10.04697704;-0.094505111655974
5.132191248;-9.517982483;-0.10378684015162
5.141780259;-8.621112823;-0.091268038727295
5.152137498;-7.058191299;-0.089290925953777
5.161655206;-5.107584476;-0.067177803792021
5.172006196;-3.140582085;-0.052868555835232
5.181577238;-0.6342571378;-0.030058643039983
5.191888279;1.610654712;-0.006539851352398
5.201440623;3.50209403;0.015385527874245
5.211782081;4.978116989;0.036216758323296
5.221796092;5.556952477;0.049850918287133
5.23169354;5.538426399;0.05499964817958
5.241289061;4.521666527;0.053144086818557
5.251664217;4.806767941;0.046912995597605
5.261103071;4.051506519;0.045370380806979
5.271462863;3.270770788;0.041972764823484
5.280999477;2.706972837;0.031192078487632
5.291327967;2.263643503;0.027958941877226
5.300922498;1.284649611;0.021718597762483
5.311265519;0.3999011517;0.013287157904215
5.320770207;-1.324915051;0.003800935677749
5.331101456;-3.516415596;-0.013688027295729
5.340614217;-5.876986027;-0.03345082114142
5.351009009;-7.175787449;-0.061090047337574
5.360558696;-7.772900581;-0.068526524116477
5.370885884;-7.868640423;-0.080272205605294
5.380419946;-7.304484844;-0.07502010564859
5.390843748;-6.483314514;-0.076140503725857
5.400794894;-4.128628254;-0.064516409292731
5.410645259;-3.459259987;-0.040668495251213
5.420239165;-2.987778425;-0.03318781514484
5.430558123;-2.345378399;-0.030830760080881
5.440095311;-2.075015068;-0.022368314722403
5.450472707;-1.404458284;-0.021533253066603
5.459976561;-0.7513841391;-0.013347766480227
5.470332186;-0.09796738625;-0.007781052375467
5.479925415;0.6472818851;-0.000939823570828
5.490215102;1.190269232;0.006660327998449
5.499777967;1.29245007;0.01138238397927
5.510104061;1.314308643;0.013345960913126
5.519667915;0.7111575603;0.012569855972591
5.529995571;0.2202982903;0.007344590644577
5.539574477;-0.4950178862;0.002110216614745
5.549896561;-1.056233406;-0.005109616202859
5.559428592;-1.224550009;-0.010068049569228
5.569814216;-1.503508687;-0.012717715962671
5.579792653;-1.48411274;-0.015002666712182
5.589646768;-1.374544144;-0.014624617612925
5.599274424;-1.410501599;-0.013233638175247
5.609555257;-1.2217592;-0.014501131385553
5.619108069;-1.046389699;-0.01167123594687
5.629459944;-0.2131509185;-0.010832095365335
5.639007081;0.2241667509;-0.002034981020595
5.649373227;0.3747762442;0.002323745268175
5.658917862;-0.07160067558;0.00357710245756
5.669246143;-0.1411921382;-0.00073951189718
5.678804477;-0.2111483216;-0.00134956161509
5.689132133;-0.5924868584;-0.002180667230462
5.6986813;-1.043839216;-0.005657755956167
5.709018279;-1.203512192;-0.010790144055168
5.718600206;-1.231755972;-0.011531965967353
5.728917185;-1.177524328;-0.012708000496249
5.738451144;-1.012236714;-0.011226468664654
5.748806873;-0.7074468732;-0.010482449094035
5.758786873;-0.683506012;-0.007060319794536
5.768740675;-0.1386304796;-0.006803483509258
5.778281196;-0.172198683;-0.001322607001864
5.788555414;-0.4147998393;-0.001769206808455
5.798135414;-0.4966483712;-0.003973782460494
5.80845406;-0.5674439073;-0.005124738728889
5.818024164;-0.4899330735;-0.005430497207027
5.828362758;-0.476251483;-0.005065219134089
5.837953019;-0.5351163745;-0.004567376023607
5.848265154;-0.2057923228;-0.005518192294554
5.857803279;0.06357580423;-0.001962872898907
5.868139008;0.257820338;0.000657102283478
5.877690258;0.2013379633;0.002462506503323
5.888026977;0.1549625993;0.002081173950664
5.897762758;0.1257850528;0.001508681929976
5.908032133;0.1898445487;0.001291733876598
5.917462341;0.200199306;0.001790273581907
5.927778279;0.359736979;0.002065243628339
5.93780531;0.4081792235;0.003607093840279
5.947732185;0.08437484503;0.004051944129281
5.957380831;-0.03097176552;0.000814103010999
5.967591248;-0.236002475;-0.000316234641185
5.977159112;-0.2901104987;-0.002258039584463
5.987502706;-0.2064610422;-0.00300078521369
5.997102029;-0.1043237448;-0.001981886230995
6.007384789;-0.1988964379;-0.00107273603008
6.017103904;-0.2845999002;-0.001933097353041
6.027279998;-0.3314174712;-0.002896115336826
6.036809894;-0.3469616771;-0.003158374033119
6.047164581;-0.4693965316;-0.003592679567365
6.056684894;-0.290396601;-0.004468801901947
6.067069216;-0.07918867469;-0.00301557181249
6.076766352;0.1922144592;-0.000767903348129
6.086940414;0.2712243199;0.001955601825197
6.096504842;0.079562217;0.002594105479533
6.106843383;0.02063798904;0.000822557242505
6.116841196;-0.01425796747;0.000206334755118
6.126726196;-0.03643703461;-0.000140940008441
6.136419008;-0.009160906076;-0.000353177326312
6.146639737;0.04827773571;-9.36311383972518E-05
6.156194373;0.1309071779;0.000461276191613
6.166524269;0.2216340303;0.001352257533361
6.176070206;0.09670448303;0.0021157044903
6.186430935;-0.007073581219;0.001001928941759
6.19613156;-0.09789195657;-6.86181588125667E-05
6.206657081;-0.04140898585;-0.001030363844609
6.215911664;-0.06739860773;-0.000383222896495
6.226178539;-0.1572630107;-0.000691973080738
6.235844529;-0.1557858884;-0.001520102688796
6.246125467;-0.05323007703;-0.001601625059915
6.255809894;-0.0825663209;-0.000515502795201
6.265974217;-0.05991491675;-0.000839230754549
6.275517967;-0.1305836439;-0.000571812986733
6.285852862;-0.1760772765;-0.001349568248424
6.295862289;-0.07515901327;-0.001762432645486
6.305754529;0.02006286383;-0.00074349099743
6.315466717;0.1339476109;0.000194854305335
6.325644789;0.1344771385;0.001363328427968
6.335196665;0.06407088041;0.001284508951787
6.3456263;-0.04347211123;0.000668235896805
6.355101717;-0.04581660032;-0.000411916381775
6.365422029;-0.05302286148;-0.000472841610082
6.375134321;-0.1014402807;-0.000514973513369
6.385301092;-0.1116784513;-0.001031320104053
6.394873904;0.3028395772;-0.001069076818746
6.405206144;0.4794555306;0.003129011193129
6.414759269;0.3870022893;0.004580298615763
6.425107446;0.1186739802;0.004004768189082
6.434858071;-0.04946541786;0.001157145478188
6.445058279;-0.1598518193;-0.000504557550979
6.454541456;-0.06605798006;-0.001515903096194
6.464875206;-0.0357414484;-0.000682626651445
6.474898331;0.04902559519;-0.000358241004994
6.483625988;0.0729675889;0.000427878579039
6.495869217;-0.01000058651;0.000893358900481
6.503437133;-0.0004237890244;-7.56835986584149E-05
6.514603696;-0.07841682434;-4.73226683967103E-06
6.524171612;-0.06218993664;-0.000750285588272
6.534853487;-0.02976155281;-0.000664305129446
6.544103123;0.0693859458;-0.000275283530287
6.554529008;-0.06972557306;0.000723409891527
6.563954217;-0.09414690733;-0.000657178098735
6.574295258;-0.3179939687;-0.000973577028723
6.583846613;-0.2636699677;-0.003037273282913
6.594175987;-0.1554720104;-0.002723545708941
6.603736196;-0.07702744007;-0.001486344913074
6.614251873;0.0689162612;-0.000809995679913
6.6236263;0.1408104897;0.000646050459732
6.634027967;-0.02184444666;0.001464663823966
6.643889894;-0.08230739832;-0.000215428338316
6.654296404;-0.07496464252;-0.000856532763691
6.663413592;0.09394145012;-0.000683466739208
6.673905831;0.1772127151;0.000985656146666
6.683282289;0.1928822994;0.001661627580201
6.693627602;-0.002132594585;0.001995427759453
6.703171976;-0.07077336311;-2.03542803096145E-05
6.713529738;-0.09453326464;-0.000733053651033
6.723088695;-0.08723640442;-0.000903639411763
6.733564425;-0.05489242077;-0.000913865018875
6.74295958;-0.01931703091;-0.000515722801459
6.75332156;0.09244477749;-0.000200162687949
6.762866716;0.08942335844;0.000882399822527
6.773214737;0.01804095507;0.000925354791028
6.782709997;-0.1054766774;0.000171303559038
6.793250466;-0.06310325861;-0.001111773648358
6.802638903;-0.09485238791;-0.000592440967955
6.812970987;-0.1263888478;-0.000980022839487
6.822510935;-0.425591588;-0.001205743035792
6.833336352;-0.7716645002;-0.004607206411792
6.842432028;-0.9104226828;-0.007018810274521
6.853312967;-0.7611621022;-0.009906253675763
6.862309685;-0.7225152254;-0.00684796078578
6.872646768;-0.7368564606;-0.007468699853724
6.882303487;-0.7510650158;-0.007115615783349
6.892684841;-0.8320592642;-0.007797071806036
6.902208174;-0.9306786656;-0.007923977448711
6.912592237;-0.6388511658;-0.009664225896346
6.921978799;-0.4497884512;-0.005996616076554
6.932372341;-0.3081984818;-0.004674895158662
6.941924633;-0.3680237234;-0.00294400189211
6.952235518;-0.5168918371;-0.003794650289249
6.961750622;-0.649491787;-0.004918279586758
6.972276508;0.02051818371;-0.006836476507898
6.981655831;1.183297157;0.000192446672389
6.992006612;1.816645861;0.012248049730029
7.001551299;2.173573017;0.017339316133091
7.01237833;1.982951164;0.023533342435822
7.021470935;1.538451195;0.018030191668543
7.031946716;0.983987689;0.016116477798009
7.041334008;0.5445671082;0.009236979761048
7.051704997;0.3771886826;0.005647699488904
7.061225674;0.3440890312;0.00359109161509
7.071571508;0.3672199249;0.003559887998016
7.081129945;0.439745903;0.003510048517301
7.091536403;0.6982200146;0.004576197270242
7.101006768;1.143436909;0.006612398388568
7.111370518;1.233052492;0.011850294265649
7.120899737;1.41839695;0.011750027234764
7.131310258;1.53782177;0.014766251234311
7.140899581;1.291226387;0.014746669668962
7.151164893;0.9337460995;0.013254841725187
7.160673122;0.6348712444;0.008878271741903
7.171045883;0.4813058376;0.006585367683933
7.180589112;0.2014894485;0.004593211827254
7.191433643;-0.01545190811;0.002185058570431
7.200441872;-0.2318429947;-0.000139194326742
7.210851039;-0.2350616455;-0.002413292449612
7.220380101;-0.4277839661;-0.002239916993792
7.230672289;-0.4450068474;-0.004402833002487
7.240247758;-0.5207371712;-0.004261149272066
7.251429945;-0.7228882313;-0.00582298042621
7.260145518;-0.7924575806;-0.006300385150736
7.270528799;-0.8146436214;-0.00822830973995
7.280040362;-0.8932412863;-0.007748534127494
7.290381456;-0.7386345863;-0.009237092106309
7.29999031;-0.430809021;-0.007097431899107
7.31028182;-0.3157527447;-0.004433675347712
7.319813643;-0.2801477909;-0.003009699274244
7.330198747;-0.2604649067;-0.002909363943867
7.339707029;-0.177801609;-0.002476573784007
7.35003807;-0.08109307289;-0.001836875712445
7.359648799;0.02407121658;-0.000779363547323
7.370386664;0.07886362076;0.000258473474022
7.379533747;0.1383218765;0.000721372084772
7.389990206;0.1989502907;0.001446357030425
7.399423435;0.4291236401;0.00187674365179
7.409706612;0.4162211418;0.004412754346033
7.41927531;0.2120983601;0.003982694407099
7.429608904;0.3022861481;0.002191738341339
7.439266195;0.1180422306;0.002919265297471
7.449656768;-0.1010315418;0.001226526414132
7.459066872;-0.1561908722;-0.000950717315618
7.469386299;-0.1568820477;-0.001611800303734
7.478931143;-0.135330677;-0.001497414671697
7.489305831;-0.1823740005;-0.001404013550704
7.498805727;-0.2689025402;-0.001732534037854
7.509329372;-0.3117117882;-0.002829834872663
7.518757185;-0.2539741993;-0.002938760449045
7.529045102;-0.2058877945;-0.00261286548254
7.538616195;-0.1894388199;-0.001970571228725
7.549390518;-0.1568412781;-0.002041075034341
7.558492862;-0.1608111858;-0.001427623266666
7.56900682;-0.1090769768;-0.001690762053432
7.578366768;-0.009546756744;-0.001020954830845
7.588728331;0.05184960365;-9.89193214486311E-05
7.598267133;0.1117694378;0.000494583102996
7.608614529;-0.05068397522;0.001156522633614
7.618177862;0.03152227402;-0.000484707732793
7.628706143;0.09139442444;0.000331875358642
7.638066612;0.06183290482;0.000855494676743
7.648396143;0.09642910957;0.000638704907158
7.657962237;0.03708457947;0.000922449926483
7.66829807;0.1143467426;0.000383300020277
7.677809997;0.06901335716;0.001087657868299
7.688343852;0.02524423599;0.000726976697387
7.697701091;-0.06736946106;0.000236216349531
7.708084893;-0.09702658653;-0.000699551144494
7.717634633;-0.05130195618;-0.000926578674449
7.728398852;-0.02488613129;-0.00055222549145
7.737520779;-0.1220872402;-0.00022700947294
7.748027393;-0.06307339668;-0.001282723507107
7.757411873;0.001567840576;-0.000591911029676
7.767739425;0.08242297173;1.61919550763509E-05
7.777300414;0.1287059784;0.000788045126058
7.787643643;-0.06971812248;0.00133123540826
7.797197706;-0.1911866665;-0.000666091334416
7.80805781;-0.3179535866;-0.002076307081603
7.81708182;-0.2139189243;-0.002869216345014
7.827437081;-0.1836094856;-0.002215186293966
7.836979008;-0.07542562485;-0.001751988308103
7.847289373;0.141295433;-0.000777665722557
7.856878018;0.09379005432;0.001354831747158
7.86736656;0.1376435757;0.000983720923918
7.876776195;0.09091639519;0.001295175807432
7.887132498;0.06341576576;0.000941557736255
7.896780154;0.2125077248;0.000611813493029
7.907444581;0.1546626091;0.002266273118066
7.916540362;0.1792895794;0.001406777221262
7.927026456;0.2259294987;0.001880047382809
7.936491873;0.1501278877;0.002138516917796
7.946746873;-0.04021382332;0.001539561488364
7.956331873;-0.09493637085;-0.000385449496522
7.966658018;-0.08353996277;-0.000980326731171
7.976214946;-0.2250406742;-0.000798385409316
7.986712289;-0.0433716774;-0.002362329146029
7.996115571;-0.04755043983;-0.000407836113405
8.006447185;0.06232190132;-0.000491272789854
8.015979373;-0.03514909744;0.0005940640799
8.026325518;-0.05510640144;-0.000363657658733
8.035893071;-0.03082919121;-0.000527233416416
8.046381039;0.0505669117;-0.000323335570876
8.055767498;0.02996230125;0.000474644243429
8.06612005;0.03037166595;0.00031018628173
8.075714529;0.02329015732;0.000291400311152
8.08646557;0.02857923508;0.000250393436244
8.095535362;0.1180815697;0.000259207717695
8.10607156;0.1775722504;0.00124413079851
8.115456769;0.2095429897;0.001666552682604
8.126167029;0.1244702339;0.002244259900864
8.135394321;0.03818655014;0.001148523193504
8.14568505;-0.1235878468;0.000392967438936
8.155234112;-0.1937513351;-0.00118014801154
8.165763591;-0.1438648701;-0.002040100614157
8.175111196;-0.03332972527;-0.001344791979071
8.18547458;0.01859378815;-0.000345408741588
8.195002913;0.09075856209;0.000177167805225
8.205371611;0.111597538;0.000941048121226
8.214916351;0.1141705513;0.00106516948485
8.225422235;0.139216423;0.001199462568174
8.23479536;0.1789722443;0.001304892934832
8.245241506;0.1052446365;0.001869570193905
8.254734267;0.01669573784;0.000999062180826
8.265467393;0.01431083679;0.0001791974579
8.274550257;0.02708888054;0.00012998338429
8.28508458;-0.02843356133;0.000285363017317
8.294473174;0.1895151138;-0.000266951163301
8.304808903;0.0519528389;0.001958776857641
8.314363903;0.0446293354;0.00049640937569
8.324712132;-0.05428886414;0.000461834582837
8.334360309;-0.04709267616;-0.000523788570352
8.344734684;-0.09151244164;-0.000488557082237
8.354149684;-0.1252989769;-0.00086158963804
8.364485101;-0.09978055954;-0.001295017175935
8.374054789;-0.1755545139;-0.000954868823263
8.384426143;-0.1064059734;-0.001820738009955
8.393927289;0.01965403557;-0.001010978688546
8.404446924;0.06157493591;0.000206753280473
8.413835622;0.03341412544;0.000578108477628
8.424148955;-0.02702212334;0.000344611002566
8.433773434;-0.06726431847;-0.000260073858621
8.444899059;-0.01957941055;-0.000748357583178
8.453653747;-0.06419658661;-0.000171411630589
8.464297028;-0.02267503738;-0.000683262310531
8.47377583;-0.0008366107941;-0.000214932189668
8.483859528;0.06144165993;-8.43613059124521E-06
8.493386768;0.05680799484;0.000585369440152
8.503751612;0.1496994495;0.000588806004469
8.51335057;0.03089666367;0.001436958728374
8.523782497;0.07833480835;0.000322311739949
8.533194371;-0.01060128212;0.000737277346004
8.543587914;0.05107402802;-0.000110184881569
8.553069163;-0.08738470078;0.000484245577091
8.563407862;-0.007834911346;-0.000903444118569
8.572978434;0.1925199032;-7.49845831505056E-05
8.583478226;0.09522914886;0.00202141893946
8.592890621;0.07991886139;0.000896334364584
8.603216559;-0.06072473526;0.000825237207744
8.6127601;-0.07780337334;-0.000579529000668
8.623558799;-0.0773665905;-0.000840175209883
8.632631976;-0.01051068306;-0.000701960769493
8.643172184;0.0174665451;-0.000110784785674
8.652519059;0.02221512794;0.000163257613732
8.662852236;0.1430559158;0.000229552849082
8.672418017;0.07084488869;0.001368441561297
8.682768173;8.130073547E-05;0.000733255649744
8.692282184;-0.007774829865;7.73496091569692E-07
8.702904892;-0.05207586288;-8.25897474055717E-05
8.71226583;0.001065731049;-0.000487478923716
8.722524319;-0.01231265068;1.09327902431249E-05
8.732096663;0.02467489243;-0.000117860927861
8.742490673;0.01542592049;0.000256471078666
8.752074371;0.006102561951;0.000147837363348
8.762897028;-0.02128076553;6.60459348169147E-05
8.771977236;-0.06152033806;-0.000193233777412
8.782236351;-0.07352876663;-0.000631144222996
8.791831403;0.007801294327;-0.000705512339311
8.802566559;0.05663704872;8.37481116022667E-05
8.811646976;0.1218457222;0.000514288020027
8.822167809;0.1000034809;0.001281918495031
8.831562184;0.14859128;0.00093947020088
8.841906715;0.07063364983;0.00153710710229
8.85144359;0.1109580994;0.000673624289222
8.861774163;0.04089951515;0.001146260745793
8.871330101;-0.01674056053;0.000390833231003
8.881824736;0.07324886322;-0.000175686072458
8.891362184;0.05786132812;0.00069860722402
8.901543121;-0.004004716873;0.000589082536326
8.911086976;-0.01140475273;-3.82204371519671E-05
8.921437288;-0.008526325226;-0.000118042749038
8.931078694;-0.02356600761;-8.22057631919084E-05
8.941501819;-0.091827631;-0.00024563144307
8.950890778;-0.08324861526;-0.000862165862526
8.961214476;0.01949858665;-0.000859433562862
8.97078083;-0.01087594032;0.000186530382394
8.981558798;0.04728627205;-0.000117220536739
8.99068484;0.02614569664;0.000431536504752
9.001178642;0.0004427433014;0.000274367763692
9.010568642;0.08881759644;4.15735960014669E-06
9.020888434;-0.05721592903;0.000916579121201
9.030457392;-0.1237075329;-0.000547496821819
9.040771976;-0.1285459995;-0.00127599173953
9.050350361;-0.03118896484;-0.001231263073421
9.060845101;0.08191800117;-0.000327320076865
9.070220621;0.05708670616;0.000768023858329
9.080921923;-0.04817175865;0.000610902082803
9.090109788;0.05936193466;-0.000442595615289
9.100436715;0.1148226261;0.000613026365813
9.110011976;0.06236624718;0.001099456613613
9.120522861;-0.07331037521;0.000655524451991
9.129101351;-0.1595015526;-0.000628892320635
9.139859892;-0.1286358833;-0.001716003993211
9.150206455;0.08671617508;-0.001330939270624
9.161567288;-0.0172932148;0.000985167983483
9.168866819;0.0162255764;-0.000126232357522
9.179826715;-0.001176357269;0.000177830629884
9.189938382;0.08734107018;-1.18949329771557E-05
9.199527184;-0.003702163696;0.000837496228424
9.209860101;0.01163125038;-3.82541501911794E-05
9.219472705;-0.01437401772;0.000111806603928
9.22977234;-0.03882956505;-0.000148047136
9.239453278;0.16284132;-0.000375906611816
9.249651611;0.0677177906;0.00166071000752
9.259186715;0.03399133682;0.000645696176021
9.269500257;0.02413201332;0.000350571079929
9.279085517;0.03361535072;0.000231311621996
9.289460882;0.06906032562;0.000348771533323
9.299240621;0.04660010338;0.000675391959819
9.309326924;-0.003569841385;0.000470022762522
9.318857861;-0.04987668991;-3.40239333404248E-05
9.329224215;0.08950567245;-0.000517039423955
9.339241924;0.1539423466;0.000896641780453
9.349103694;0.1132621765;0.00151814401543
9.358820986;0.1582186222;0.001100601641606
9.36896484;0.1961164474;0.001604946603678
9.378552028;0.5992393494;0.001880205251116
9.388889007;0.4002799988;0.006194324570721
9.398442392;0.176302433;0.003824028936336
9.408794215;-0.08306694031;0.001825051580885
9.418541611;-0.2725007534;-0.00080968636171
9.428656194;-0.5633288622;-0.002756231487827
9.438195257;-0.5031052828;-0.005373629506244
9.448561403;-0.5430625677;-0.005215262814876
9.458108122;-0.272012949;-0.005184465733251
9.468451194;-0.04630470276;-0.002813449516439
9.47817833;0.1665978432;-0.000450412141186
9.488338069;0.2329618931;0.001692590604875
9.497902705;0.2759070396;0.002228195709373
9.508238747;0.3703193665;0.002851786749401
9.518239424;0.352887392;0.003703444371211
9.528136247;0.072909832;0.003492464057556
9.537863122;0.1255111694;0.000709184822135
9.548023486;0.06602478027;0.00127523916717
9.557565934;-0.03245615959;0.000630038032438
9.567899788;0.01800370216;-0.000335397214604
9.577453278;-0.1672077179;0.000171998188549
9.587789892;-0.1284592152;-0.001728361637753
9.597525622;-0.3073859215;-0.001250644235199
9.607693851;-0.1218676567;-0.003125570441188
9.617242288;-0.1237328053;-0.001163645642338
9.627582705;-0.04409193993;-0.001279448803382
9.637131299;0.03584694862;-0.000421016033064
9.647484892;0.1338357925;0.000371144716303
9.657191767;0.2124443054;0.001299127308324
9.667363747;0.08566308022;0.002160979225643
9.67693083;0.04208421707;0.0008195457985
9.68730984;0.1274645329;0.000436792509812
9.697253851;0.1156582832;0.001267508717267
9.707143903;0.1158943176;0.001143866435079
9.71690609;0.1413924694;0.001131382000649
9.72740307;0.1158628464;0.001484193923442
9.736617497;0.02296733856;0.001067609740165
9.747002392;0.1751980782;0.000238513399375
9.75647682;0.2965073586;0.001659901577644
9.766812913;0.189923048;0.003064727633674
9.776544163;-0.0577776432;0.00184818866085
9.786749684;-0.03734087944;-0.000589650951008
9.796254632;-0.1686654091;-0.000354923117351
9.80660109;-0.1671960354;-0.001745089571306
9.816205361;-0.1456553936;-0.001605796034107
9.826499788;-0.1459152699;-0.001499438816571
9.836198434;-0.07401156425;-0.001415180548755
9.846441715;-0.1384840012;-0.000758121249862
9.855937497;-0.216874361;-0.001315013885883
9.866229059;-0.1511030197;-0.002231975932442
9.876293122;-0.1395003796;-0.001520710309751
9.886376403;0.04864954948;-0.001406621527113
9.895913538;-0.05976080894;0.00046397732108
9.906060778;-0.0335419178;-0.000606407270908
9.915702132;0.05473828316;-0.000323389503349
9.925956351;0.1220519543;0.000561298343207
9.935572184;0.2358164787;0.001173631209872
9.945954215;0.1198859215;0.002448253992174
9.955568695;-0.01408195496;0.001152640794543
9.965744163;-0.04264378548;-0.000143290482073
9.975354007;-0.1834566593;-0.000409800126032
9.985598955;-0.1472015381;-0.001879503934782
9.995229059;-0.1799981594;-0.001417566120863
10.0055163;-0.09490680695;-0.001851684445304
10.01528229;-0.08862018585;-0.000926858927606
10.02543401;-0.007485389709;-0.000899647313097
10.03493833;0.02857255936;-7.11435391190396E-05
10.04566015;0.09207940102;0.000306349838397
10.05534041;0.08756399155;0.000891352542518
10.06524067;0.00922036171;0.000866906282983
10.07490062;-0.04137206078;8.90682331005276E-05
10.08504906;0.1253788471;-0.000419861876502
10.09463484;0.1368675232;0.001201854044954
10.10498786;0.1689155102;0.00141699220504
10.11450099;0.1220650673;0.001606915207549
10.1248612;0.1126947403;0.001264619730892
10.13454536;-0.05867910385;0.001091353896224
10.14476734;-0.001299142838;-0.000599816625973
10.15430182;-0.03941869736;-1.23866514060532E-05
10.16463463;0.075299263;-0.000407305910268
10.17425093;0.1297571659;0.000724100302787
10.18454146;0.1210114956;0.001335270008409
10.19425146;0.07735753059;0.001175021622276
10.20443338;-0.01091170311;0.000787648187865
10.2139401;-0.03230047226;-0.00010373450619
10.22434625;-0.0346353054;-0.000336123559408
10.23433177;-0.02919340134;-0.000345851534778
10.24421484;0.1279592514;-0.000288520428981
10.2539413;-0.01802182198;0.001244590540372
10.26414776;-0.02809643745;-0.000183939005166
10.27369468;-0.0293776989;-0.00026823444062
10.28399026;-0.0671684742;-0.000302460449241
10.2935639;-0.07960176468;-0.00064304679134
10.30388036;-0.1667461395;-0.000821208421251
10.31357744;0.03761291504;-0.001616950654423
10.3237552;0.1115510464;0.000382815222178
10.33340047;0.1374936104;0.001075939961311
10.34368453;0.02757525444;0.00141399253897
10.35320922;0.09691381454;0.000262645750212
10.36388911;0.08814382553;0.001035028878767
10.37332599;0.1154470444;0.000831802704268
10.38341963;-0.02463388443;0.001165280905238
10.39299145;0.06091618538;-0.000235791107665
10.40332479;0.02002120018;0.000629467655035
10.41334073;0.1330962181;0.000200531139731
10.42323859;-0.03176403046;0.001317367733283
10.43294922;0.2451860905;-0.000308448747106
10.44312015;0.09130311012;0.002493770563449
10.45267354;0.183308363;0.000872254219189
10.46301989;-0.08105945587;0.001896572481525
10.47266427;-0.125585556;-0.000781768195004
10.48289822;-0.04528594017;-0.001285236300826
10.49262708;-0.114251852;-0.000440580571882
10.50278609;-0.2296520472;-0.001160685706986
10.51237994;-0.3254759312;-0.00220324729303
10.52268432;-0.3111743927;-0.003353827675938
10.53221687;-0.2268277407;-0.002966285457132
10.5425777;-0.1597150564;-0.002350123660677
10.55227734;-0.2210006714;-0.00154917854966
10.56245958;-0.3119080067;-0.002250281876356
10.57201739;-0.2358794212;-0.002981157465517
10.58232432;-0.1917970181;-0.002431192682749
10.59244614;-0.1682511568;-0.001941334893745
10.60223968;-0.08507597446;-0.001647774434167
10.61195994;0.002416014671;-0.000826960591505
10.62213567;-0.01882171631;2.45847129681312E-05
10.63168651;0.09674906731;-0.000179763201002
10.64202765;0.1700490713;0.001000495649922
10.65158468;0.2095006704;0.001625164075886
10.66192317;0.2411829233;0.002165920585924
10.67160979;0.342271924;0.002336247328496
10.68216604;0.2724297047;0.003613107997725
10.6913664;0.2090156078;0.002506451357934
10.7017225;0.229647398;0.002164586535937
10.71127479;0.04915821552;0.002193658543442
10.72161974;0.1186909676;0.000508539281644
10.73128817;0.06443679333;0.001147555311873
10.74149156;0.2056996822;0.000657473732695
10.75101942;0.08620655537;0.001959877774046
10.76137833;-0.009350538254;0.000893005948488
10.77139692;-0.03915739059;-9.36792090461548E-05
10.78125572;-0.1502640247;-0.000386044882349
10.79097796;-0.1086776257;-0.001460902911499
10.80115901;-0.0209300518;-0.001106452341133
10.81069619;-0.1006629467;-0.000199613671426
10.82108729;-0.1376800537;-0.001045998745454
10.83057974;0.005232095718;-0.001306921025745
10.84094531;-0.03852069378;5.42336544116353E-05
10.85066921;-0.001374721527;-0.000374571374247
10.86085567;-0.07479047775;-1.40035458459243E-05
10.87039578;-0.1484640837;-0.000713509384688
10.88084328;-0.050817132;-0.001551078514456
10.89028057;0.03004050255;-0.000479576011652
10.90067255;0.001009821892;0.00031218030169
10.91033145;-0.02793240547;9.7537686726386E-06
10.9205402;0.1040703058;-0.000285154944342
10.93007567;-0.004516363144;0.000992359278847
10.94042791;0.1345655918;-4.67544751938406E-05
10.95042661;0.1512063742;0.001345480982731
10.96031906;0.1293766499;0.001495801496455
10.97005156;0.03722810745;0.001259158245152
10.980255;0.005824804306;0.00037985476068
10.98986026;0.01287686825;5.59487598082434E-05
11.00045682;-0.01763224602;0.000136450507023
11.00964948;0.09019672871;-0.000162087242698
11.02005687;0.01683712006;0.000938712532409
11.02974369;-0.08895945549;0.00016309815134
11.03986974;-0.07026159763;-0.000900807894265
11.0494239;-0.06171190739;-0.000671290545613
11.05976375;0.1455897093;-0.000638091865627
11.06931572;0.1706380844;0.001390668535542
11.07966401;0.1581228971;0.001765812382416
11.08936427;-0.02407956123;0.001533833213823
11.09956489;0.1172189713;-0.000245626453874
11.10912041;0.03003168106;0.001120088224636
11.11947401;0.09465348721;0.000310936013023
11.12941671;0.09766197205;0.000941111227283
11.13932343;-0.02841854095;0.000967509811747
11.14903067;0.00760602951;-0.000275865597451
11.15921328;0.12283957;7.74492321488159E-05
11.16883005;0.130510807;0.001181319891589
11.17909791;-0.06848561764;0.001340066694763
11.18865296;-0.0914093256;-0.000654383500831
11.1989838;-0.001509785652;-0.000944335117282
11.20869598;0.01161062717;-1.4663310013643E-05
11.21888609;-0.0883718729;0.000118313568031
11.22841744;0.03048813343;-0.000842303250766
11.23875812;0.05332505703;0.000315268031597
11.2483202;0.05398857594;0.000509898461325
11.25862369;0.1070848703;0.000556270752312
11.26837932;0.1028071642;0.001044680373245
11.27853401;0.0654270649;0.00104397488223
11.28810161;-0.04347372055;0.000625979986137
11.29842968;-0.02811253071;-0.000448999629001
11.30845234;-0.1113858223;-0.000281762337046
11.31872234;-0.07641196251;-0.001143932395021
11.3280013;-0.07894206047;-0.000709023543652
11.3381925;-0.0766068697;-0.000804514326662
11.34781562;-0.1020556688;-0.000737197099948
11.35812244;0.09702682495;-0.001051869408301
11.36767739;0.06723630428;0.000927086461056
11.37799114;0.06481540203;0.000693458433268
11.38777869;-0.08442783356;0.000634383988139
11.39788942;-0.09908139706;-0.00085362702961
11.40743171;0.04252946377;-0.000945463424352
11.41778463;0.1214606762;0.000440304136054
11.42731333;0.1618425846;0.001157362345307
11.43768474;0.07940614223;0.001678535800346
11.44747046;0.1440643072;0.000777046274143
11.45760718;0.06642258167;0.00146033954408
11.46713057;0.05127537251;0.00063256815005
11.47747703;0.04968833923;0.00053051859066
11.48746786;0.05310630798;0.000496427750229
11.49736015;0.0724157095;0.000525342999367
11.50707609;0.05883646011;0.000703586688559
11.51725234;0.002615451813;0.000598734527194
11.52677109;-0.024913311;2.48958319449979E-05
11.53713734;-0.07587206364;-0.000258257610154
11.5466851;-0.0734051466;-0.000724408254339
11.55704744;-0.08069050312;-0.000760649086819
11.56691708;-0.03449738026;-0.000796386217214
11.57691515;0.02031230927;-0.000344907222656
11.58650057;-0.05860614777;0.000194702015523
11.59682781;0.01792943478;-0.000605239753496
11.60637739;0.1160000563;0.000171218571786
11.61672286;0.1038756371;0.00120007510245
11.62638359;0.1162796021;0.001003514483601
11.63697135;0.0004854202271;0.00123114051993
11.64614781;0.02292251587;4.45443929717447E-06
11.65645546;0.1215474606;0.000236277270707
11.66672427;0.1688108444;0.001248147778884
11.68037255;0.2496379614;0.002303977671408
11.68606916;0.08858323097;0.001422090107291
11.6962589;0.1284915209;0.000902640091944
11.7057927;0.02226495743;0.001225012461956
11.71613494;0.1321187019;0.000230269533331
11.72571198;0.1414266825;0.001265306092844
11.73602796;0.004025220871;0.001458954828136
11.74585286;-0.03182435036;3.95473925354947E-05
11.75600776;-0.09568417072;-0.000323173095471
11.76559369;-0.1114257574;-0.00091722176263
11.77583474;-0.03780663013;-0.001141116752821
11.78538531;-0.0197122097;-0.000361074867521
11.79598265;-0.03923273087;-0.000208896988342
11.80544578;0.0276209116;-0.000371264432478
11.8156526;0.2607308626;0.000281921672937
11.82521213;0.2600398064;0.002492464502951
11.83554708;0.04916369915;0.002687498397153
11.84550578;-0.1306723356;0.000489606530725
11.85541927;-0.1522659063;-0.001295418892247
11.86516875;-0.008580327034;-0.001484513408153
11.87545244;0.2436267138;-8.82374233162875E-05
11.88484744;0.2334343195;0.002288872976151
11.89518083;0.2001510859;0.002412167862778
11.90390479;0.0277684927;0.001746110067348
11.91469656;-0.003595471382;0.000299671186465
11.92619541;-0.1027588844;-4.13437861009129E-05
11.93374937;0.05046999454;-0.000776236502402
11.94490958;0.03874564171;0.000563255737765
11.95446781;-0.0003362894058;0.000370339754962
11.96515687;0.01897847652;-3.59461763596018E-06
11.97436098;0.0562390089;0.000174679985523
11.98484395;-0.01842463017;0.000589551843128
11.99429724;-0.04874587059;-0.00017417337214
12.00457942;-0.1995667219;-0.000501213815663
12.01417239;-0.08093094826;-0.001914437576185
12.02588781;-0.1060125828;-0.000948140049864
12.03320593;-0.03418648243;-0.00077581280244
12.04452432;-0.02512717247;-0.000386935940871
12.05391515;0.01167011261;-0.000235965005046
12.06428859;0.09113073349;0.000121059212953
12.07379015;0.1610723734;0.000865884132099
12.08412937;0.1635029316;0.001665362704505
12.09369619;0.150331974;0.001564203116089
12.1041664;0.143199563;0.001574007337494
12.11358552;0.09346723557;0.001348813867845
12.12395229;0.03977680206;0.00096895333369
12.13347776;0.01807773113;0.000378892734718
12.1438177;-0.03440690041;0.00018692265522
12.15337942;-0.02289223671;-0.000328989147788
12.16384348;-0.1531006098;-0.000239545738468
12.17323536;-0.1613076925;-0.001437902555169
12.18356599;-0.1174296141;-0.001666410087371
12.19315057;-0.1276450157;-0.001125513530711
12.20391807;-0.04195988178;-0.00137441770655
12.21306479;-0.04832792282;-0.000383795289875
12.22355557;0.07783317566;-0.000506997606162
12.23293328;-0.01150548458;0.000729896949719
12.24323119;0.03951358795;-0.000118482444711
12.2528314;0.1031302214;0.000379338742173
12.26316994;0.08552110195;0.001066215919153
12.27273374;0.1013022661;0.000817906714829
12.28358609;0.04512155056;0.00109936764751
12.29263276;0.02238631248;0.000408199777805
12.30296963;0.0002368688583;0.000231404401885
12.31260848;-0.155133009;2.28314339482495E-06
12.32313442;-0.1705069542;-0.001632920744753
12.33241171;-0.07065570354;-0.00158184246113
12.34291364;0.07093667984;-0.000742021252678
12.35237807;0.1595488787;0.000671375240778
12.36271224;0.2233576775;0.001648805235795
12.37217411;0.111751914;0.002113381308007
12.38297729;0.02440989017;0.001207276042287
12.39207755;-0.00354373455;0.000222136347118
12.40274484;-0.01411175728;-3.78020441278718E-05
12.41194307;0.001669168472;-0.000129803189166
12.42225208;0.08480656147;1.72074744695332E-05
12.43186609;0.07261919975;0.000815331130038
12.44218791;0.03633618355;0.000749562308363
12.45170046;0.004582762718;0.000345649762829
12.46225208;0.01574683189;4.83555707505082E-05
12.47166765;-0.03988659382;0.000148265397939
12.48194296;-0.05405759811;-0.000409847116345
12.49152692;-0.01125574112;-0.000518085857982
12.50184604;0.01176404953;-0.000116149343306
12.51137302;0.0619904995;0.000112075864591
12.52191854;0.1949774027;0.000653722052287
12.53127395;0.2308516502;0.001824093542994
12.54165328;0.3252540827;0.002396085458471
12.55128802;0.2143211365;0.003133738520753
12.56203328;0.0962562561;0.002302936335188
12.57569192;0.003465890884;0.001314729549818
12.58034697;0.03698468208;1.6133895359565E-05
12.59096609;0.04217290878;0.000392744777169
12.60166651;-0.009598970413;0.000451267836568
12.61090671;-0.01296782494;-8.86964064101922E-05
12.62118343;-0.07300829887;-0.000133266705917
12.63089312;-0.003269672394;-0.000708887949455
12.64126624;-0.03473496437;-3.39167041036511E-05
12.6506251;-0.02423155308;-0.000325079668644
12.66098046;0.01001310349;-0.000250926455503
12.67050807;-0.08890151978;9.54009449423691E-05
12.68106843;-0.03430104256;-0.000938832053424
12.69044927;-0.009638786316;-0.000321772592089
12.70090229;-0.01916003227;-0.000100754426137
12.71035348;0.09297585487;-0.00018108510539
12.7206901;0.02145791054;0.000961056080966
12.73024724;0.1346603632;0.000205076255138
12.74103166;0.08119142056;0.001452233914101
12.75011416;0.09773135185;0.000737421077236
12.7606438;0.1212655306;0.001029075951694
12.77014619;0.04063892365;0.001152312365318
12.78040177;0.08768010139;0.000416775732607
12.78993838;0.05290293694;0.000836170931717
12.80027541;-0.07791566849;0.000546859246237
12.81145187;-0.07373011112;-0.000870821352252
12.82039906;-0.003779053688;-0.000659677312912
12.82976994;0.022585392;-3.54130586238074E-05
12.84006713;0.02104663849;0.000232566072649
12.84963989;0.286457777;0.000201474419071
12.85991317;0.4005436897;0.0029428609513
12.86964713;0.4068040848;0.003898876253792
12.87996916;0.3076100349;0.004199043967428
12.88935062;0.1201028824;0.002885831238013
12.89969812;0.06628525257;0.001242764575634
12.90936963;-0.2495515347;0.000641078483083
12.92004036;-0.3671952486;-0.002662897047869
12.92915635;-0.583348155;-0.003347348214285
12.93961697;-0.635098815;-0.006102183377157
12.9490214;-0.4179308414;-0.005972742348749
12.9593577;-0.2483736277;-0.004319858555963
12.96890489;0.1527512074;-0.002371270214641
